company,year,AccountsReceivableNetCurrent,Assets,CashAndCashEquivalentsAtCarryingValue,InventoryNet,Liabilities,NetIncomeLoss,Revenues
Apple,2006,,,6392000000.0,,,,
Apple,2007,,,9352000000.0,,,3496000000.0,
Apple,2008,2422000000.0,36171000000.0,11875000000.0,509000000.0,18542000000.0,6119000000.0,
Apple,2009,3361000000.0,47501000000.0,5263000000.0,455000000.0,15861000000.0,8235000000.0,
Apple,2010,5510000000.0,75183000000.0,11261000000.0,1051000000.0,27392000000.0,14013000000.0,
Apple,2011,5369000000.0,116371000000.0,9815000000.0,776000000.0,39756000000.0,25922000000.0,
Apple,2012,10930000000.0,176064000000.0,10746000000.0,791000000.0,57854000000.0,41733000000.0,
Apple,2013,13102000000.0,207000000000.0,14259000000.0,1764000000.0,83451000000.0,37037000000.0,
Apple,2014,17460000000.0,231839000000.0,13844000000.0,2111000000.0,120292000000.0,39510000000.0,
Apple,2015,16849000000.0,290345000000.0,21120000000.0,2349000000.0,170990000000.0,53394000000.0,
Apple,2016,15754000000.0,321686000000.0,20484000000.0,2132000000.0,193437000000.0,45687000000.0,215639000000.0
Apple,2017,17874000000.0,375319000000.0,20289000000.0,4855000000.0,241272000000.0,48351000000.0,229234000000.0
Apple,2018,23186000000.0,365725000000.0,25913000000.0,3956000000.0,258578000000.0,59531000000.0,265595000000.0
Apple,2019,22926000000.0,338516000000.0,48844000000.0,4106000000.0,248028000000.0,55256000000.0,
Apple,2020,16120000000.0,323888000000.0,38016000000.0,4061000000.0,258549000000.0,57411000000.0,
Apple,2021,26278000000.0,351002000000.0,34940000000.0,6580000000.0,287912000000.0,94680000000.0,
Apple,2022,28184000000.0,352755000000.0,23646000000.0,4946000000.0,302083000000.0,99803000000.0,
Apple,2023,29508000000.0,352583000000.0,29965000000.0,6331000000.0,290437000000.0,96995000000.0,
Apple,2024,33410000000.0,364980000000.0,29943000000.0,7286000000.0,308030000000.0,93736000000.0,
Apple,2025,39777000000.0,359241000000.0,35934000000.0,5718000000.0,285508000000.0,112010000000.0,
Intel,2006,,,6598000000.0,,,,
Intel,2007,,,7307000000.0,,,6976000000.0,
Intel,2008,1712000000.0,50472000000.0,3350000000.0,3744000000.0,,5292000000.0,
Intel,2009,2273000000.0,53095000000.0,3987000000.0,2935000000.0,,4369000000.0,
Intel,2010,2867000000.0,63186000000.0,5498000000.0,3757000000.0,,11464000000.0,
Intel,2011,3650000000.0,71119000000.0,5065000000.0,4096000000.0,,12942000000.0,
Intel,2012,3833000000.0,84351000000.0,8478000000.0,4734000000.0,,11005000000.0,
Intel,2013,3582000000.0,92358000000.0,5674000000.0,4172000000.0,,9620000000.0,
Intel,2014,4427000000.0,91900000000.0,2561000000.0,4273000000.0,,11704000000.0,
Intel,2015,4787000000.0,101459000000.0,15308000000.0,5167000000.0,,11420000000.0,
Intel,2016,4690000000.0,113327000000.0,5560000000.0,5553000000.0,,10316000000.0,
Intel,2017,5607000000.0,123249000000.0,3433000000.0,6983000000.0,,9601000000.0,
Intel,2018,6722000000.0,127963000000.0,3019000000.0,7253000000.0,,21053000000.0,
Intel,2019,7659000000.0,136524000000.0,,8744000000.0,,21048000000.0,
Intel,2020,6782000000.0,153091000000.0,,8427000000.0,,20899000000.0,
Intel,2021,9457000000.0,168406000000.0,,10776000000.0,,19868000000.0,
Intel,2022,4133000000.0,182103000000.0,,13224000000.0,,8014000000.0,
Intel,2023,3402000000.0,191572000000.0,,11127000000.0,,1689000000.0,
Intel,2024,3478000000.0,196485000000.0,8249000000.0,12198000000.0,,-18756000000.0,
Intel,2025,3839000000.0,211429000000.0,14265000000.0,11618000000.0,,-267000000.0,
Johnson & Johnson,2006,,,4083000000.0,,,,
Johnson & Johnson,2007,,,7770000000.0,,,,
Johnson & Johnson,2008,9719000000.0,84912000000.0,10768000000.0,5052000000.0,42401000000.0,,
Johnson & Johnson,2010,9646000000.0,94682000000.0,15810000000.0,5180000000.0,44094000000.0,,
Johnson & Johnson,2011,9774000000.0,102908000000.0,19355000000.0,5378000000.0,46329000000.0,13334000000.0,
Johnson & Johnson,2012,11309000000.0,121347000000.0,14911000000.0,7495000000.0,56521000000.0,10853000000.0,
Johnson & Johnson,2013,11713000000.0,132683000000.0,20927000000.0,7878000000.0,58630000000.0,13831000000.0,
Johnson & Johnson,2014,10985000000.0,130358000000.0,14523000000.0,8184000000.0,60606000000.0,16323000000.0,
Johnson & Johnson,2016,10734000000.0,133411000000.0,13732000000.0,8053000000.0,62261000000.0,15409000000.0,
Johnson & Johnson,2017,13490000000.0,157303000000.0,17824000000.0,8765000000.0,97143000000.0,1300000000.0,
Johnson & Johnson,2018,14098000000.0,152954000000.0,18107000000.0,8599000000.0,93202000000.0,15297000000.0,
Johnson & Johnson,2019,14481000000.0,157728000000.0,17305000000.0,9020000000.0,98257000000.0,15119000000.0,
Johnson & Johnson,2021,13576000000.0,174894000000.0,13985000000.0,9344000000.0,111616000000.0,14714000000.0,
Johnson & Johnson,2022,15283000000.0,182018000000.0,14487000000.0,10387000000.0,107995000000.0,20878000000.0,
Johnson & Johnson,2023,14873000000.0,167558000000.0,21859000000.0,11181000000.0,98784000000.0,35153000000.0,
Johnson & Johnson,2024,14842000000.0,180104000000.0,24105000000.0,12444000000.0,108614000000.0,14066000000.0,
Johnson & Johnson,2025,17178000000.0,199210000000.0,19709000000.0,14191000000.0,117666000000.0,26804000000.0,
Microsoft,2007,,,6111000000.0,,,,
Microsoft,2008,,,10339000000.0,,,17681000000.0,60420000000.0
Microsoft,2009,11192000000.0,77888000000.0,6076000000.0,717000000.0,,14569000000.0,58437000000.0
Microsoft,2010,13014000000.0,86113000000.0,5505000000.0,740000000.0,39938000000.0,18760000000.0,62484000000.0
Microsoft,2011,14987000000.0,108704000000.0,9610000000.0,1372000000.0,51621000000.0,23150000000.0,
Microsoft,2012,15780000000.0,121271000000.0,6938000000.0,1137000000.0,54908000000.0,16978000000.0,
Microsoft,2013,17486000000.0,142431000000.0,3804000000.0,1938000000.0,63487000000.0,21863000000.0,
Microsoft,2014,19544000000.0,172384000000.0,8669000000.0,2660000000.0,82600000000.0,22074000000.0,
Microsoft,2015,17908000000.0,174472000000.0,5595000000.0,2902000000.0,94389000000.0,12193000000.0,
Microsoft,2016,18277000000.0,193468000000.0,6510000000.0,2251000000.0,121471000000.0,20539000000.0,
Microsoft,2017,22431000000.0,250312000000.0,7663000000.0,2181000000.0,162601000000.0,25489000000.0,
Microsoft,2018,26481000000.0,258848000000.0,11946000000.0,2662000000.0,176130000000.0,16571000000.0,
Microsoft,2019,29524000000.0,286556000000.0,11356000000.0,2063000000.0,184226000000.0,39240000000.0,
Microsoft,2020,32011000000.0,301311000000.0,13576000000.0,1895000000.0,183007000000.0,44281000000.0,
Microsoft,2021,38043000000.0,333779000000.0,14224000000.0,2636000000.0,191791000000.0,61271000000.0,
Microsoft,2022,44261000000.0,364840000000.0,13931000000.0,3742000000.0,198298000000.0,72738000000.0,
Microsoft,2023,48688000000.0,411976000000.0,34704000000.0,2500000000.0,205753000000.0,72361000000.0,
Microsoft,2024,56924000000.0,512163000000.0,18315000000.0,1246000000.0,243686000000.0,88136000000.0,
Microsoft,2025,69905000000.0,619003000000.0,30242000000.0,938000000.0,275524000000.0,101832000000.0,
Tesla,2008,,,9277000.0,,,,
Tesla,2009,,,69627000.0,,,-55740000.0,111943000.0
Tesla,2010,6710000.0,386082000.0,99558000.0,45182000.0,179034000.0,-154328000.0,116744000.0
Tesla,2011,9539000.0,713448000.0,255266000.0,50082000.0,489403000.0,-254411000.0,204242000.0
Tesla,2012,26842000.0,1114190000.0,201890000.0,268504000.0,989490000.0,-396213000.0,413256000.0
Tesla,2013,49109000.0,2416930000.0,845889000.0,340355000.0,1749810000.0,-74014000.0,2013496000.0
Tesla,2014,226604000.0,5830667000.0,1905713000.0,953675000.0,4860761000.0,-294040000.0,3198356000.0
Tesla,2015,168965000.0,8067939000.0,1196908000.0,1277838000.0,6936950000.0,-888663000.0,4046025000.0
Tesla,2016,499142000.0,22664076000.0,3393000000.0,2067454000.0,16750167000.0,-674914000.0,7000132000.0
Tesla,2017,515381000.0,28655372000.0,3368000000.0,2263537000.0,23022980000.0,-1962000000.0,11759000000.0
Tesla,2018,949000000.0,29740000000.0,3686000000.0,3113000000.0,23427000000.0,-976000000.0,21461000000.0
Tesla,2019,1324000000.0,34309000000.0,6268000000.0,3552000000.0,26199000000.0,-862000000.0,24578000000.0
Tesla,2020,1886000000.0,52148000000.0,19384000000.0,4101000000.0,28418000000.0,721000000.0,31536000000.0
Tesla,2021,1913000000.0,62131000000.0,17576000000.0,5757000000.0,30548000000.0,5519000000.0,53823000000.0
Tesla,2022,2952000000.0,82338000000.0,16253000000.0,12839000000.0,36440000000.0,12556000000.0,81462000000.0
Tesla,2023,3508000000.0,106618000000.0,16398000000.0,13626000000.0,43009000000.0,14997000000.0,96773000000.0
Tesla,2024,4418000000.0,122070000000.0,16139000000.0,12017000000.0,48390000000.0,7091000000.0,97690000000.0
Tesla,2025,4576000000.0,137806000000.0,16513000000.0,12392000000.0,54941000000.0,3794000000.0,94827000000.0
