company,metric,value,year,period_end,filed
Apple,NetIncomeLoss,3496000000,2007,2007-09-29,2009-10-27
Apple,NetIncomeLoss,6119000000,2008,2008-09-27,2010-10-27
Apple,NetIncomeLoss,8235000000,2009,2009-09-26,2011-10-26
Apple,NetIncomeLoss,14013000000,2010,2010-09-25,2012-10-31
Apple,NetIncomeLoss,25922000000,2011,2011-09-24,2013-10-30
Apple,NetIncomeLoss,41733000000,2012,2012-09-29,2014-10-27
Apple,NetIncomeLoss,37037000000,2013,2013-09-28,2015-10-28
Apple,NetIncomeLoss,39510000000,2014,2014-09-27,2016-10-26
Apple,NetIncomeLoss,53394000000,2015,2015-09-26,2017-11-03
Apple,NetIncomeLoss,45687000000,2016,2016-09-24,2018-11-05
Apple,Revenues,215639000000,2016,2016-09-24,2018-11-05
Apple,NetIncomeLoss,48351000000,2017,2017-09-30,2019-10-31
Apple,Revenues,229234000000,2017,2017-09-30,2018-11-05
Apple,NetIncomeLoss,59531000000,2018,2018-09-29,2020-10-30
Apple,Revenues,265595000000,2018,2018-09-29,2018-11-05
Apple,NetIncomeLoss,55256000000,2019,2019-09-28,2021-10-29
Apple,NetIncomeLoss,57411000000,2020,2020-09-26,2022-10-28
Apple,NetIncomeLoss,94680000000,2021,2021-09-25,2023-11-03
Apple,NetIncomeLoss,99803000000,2022,2022-09-24,2024-11-01
Apple,NetIncomeLoss,96995000000,2023,2023-09-30,2025-10-31
Apple,NetIncomeLoss,93736000000,2024,2024-09-28,2025-10-31
Apple,NetIncomeLoss,112010000000,2025,2025-09-27,2025-10-31
Intel,NetIncomeLoss,6976000000,2007,2007-12-29,2010-02-22
Intel,NetIncomeLoss,5292000000,2008,2008-12-27,2011-02-18
Intel,NetIncomeLoss,4369000000,2009,2009-12-26,2012-02-23
Intel,NetIncomeLoss,11464000000,2010,2010-12-25,2013-02-19
Intel,NetIncomeLoss,12942000000,2011,2011-12-31,2014-02-14
Intel,NetIncomeLoss,11005000000,2012,2012-12-29,2015-02-13
Intel,NetIncomeLoss,9620000000,2013,2013-12-28,2016-02-12
Intel,NetIncomeLoss,11704000000,2014,2014-12-27,2017-02-17
Intel,NetIncomeLoss,11420000000,2015,2015-12-26,2018-02-16
Intel,NetIncomeLoss,10316000000,2016,2016-12-31,2019-02-01
Intel,NetIncomeLoss,9601000000,2017,2017-12-30,2020-01-24
Intel,NetIncomeLoss,21053000000,2018,2018-12-29,2021-01-22
Intel,NetIncomeLoss,21048000000,2019,2019-12-28,2022-01-27
Intel,NetIncomeLoss,20899000000,2020,2020-12-26,2023-01-27
Intel,NetIncomeLoss,19868000000,2021,2021-12-25,2024-01-26
Intel,NetIncomeLoss,8014000000,2022,2022-12-31,2025-01-31
Intel,NetIncomeLoss,1689000000,2023,2023-12-30,2026-01-23
Intel,NetIncomeLoss,-18756000000,2024,2024-12-28,2026-01-23
Intel,NetIncomeLoss,-267000000,2025,2025-12-27,2026-01-23
Johnson & Johnson,NetIncomeLoss,13334000000,2011,2011-01-02,2013-02-22
Johnson & Johnson,NetIncomeLoss,10853000000,2012,2012-12-30,2015-02-24
Johnson & Johnson,NetIncomeLoss,13831000000,2013,2013-12-29,2016-02-24
Johnson & Johnson,NetIncomeLoss,16323000000,2014,2014-12-28,2017-02-27
Johnson & Johnson,NetIncomeLoss,15409000000,2016,2016-01-03,2018-02-21
Johnson & Johnson,NetIncomeLoss,1300000000,2017,2017-12-31,2020-02-18
Johnson & Johnson,NetIncomeLoss,15297000000,2018,2018-12-30,2021-02-22
Johnson & Johnson,NetIncomeLoss,15119000000,2019,2019-12-29,2022-02-17
Johnson & Johnson,NetIncomeLoss,14714000000,2021,2021-01-03,2023-02-16
Johnson & Johnson,NetIncomeLoss,20878000000,2022,2022-01-02,2024-02-16
Johnson & Johnson,NetIncomeLoss,35153000000,2023,2023-12-31,2026-02-11
Johnson & Johnson,NetIncomeLoss,14066000000,2024,2024-12-29,2026-02-11
Johnson & Johnson,NetIncomeLoss,26804000000,2025,2025-12-28,2026-02-11
Microsoft,NetIncomeLoss,17681000000,2008,2008-06-30,2010-07-30
Microsoft,Revenues,60420000000,2008,2008-06-30,2010-07-30
Microsoft,NetIncomeLoss,14569000000,2009,2009-06-30,2011-07-28
Microsoft,Revenues,58437000000,2009,2009-06-30,2010-07-30
Microsoft,NetIncomeLoss,18760000000,2010,2010-06-30,2012-07-26
Microsoft,Revenues,62484000000,2010,2010-06-30,2010-07-30
Microsoft,NetIncomeLoss,23150000000,2011,2011-06-30,2013-07-30
Microsoft,NetIncomeLoss,16978000000,2012,2012-06-30,2014-07-31
Microsoft,NetIncomeLoss,21863000000,2013,2013-06-30,2015-07-31
Microsoft,NetIncomeLoss,22074000000,2014,2014-06-30,2016-07-28
Microsoft,NetIncomeLoss,12193000000,2015,2015-06-30,2017-08-02
Microsoft,NetIncomeLoss,20539000000,2016,2016-06-30,2018-08-03
Microsoft,NetIncomeLoss,25489000000,2017,2017-06-30,2019-08-01
Microsoft,NetIncomeLoss,16571000000,2018,2018-06-30,2020-07-30
Microsoft,NetIncomeLoss,39240000000,2019,2019-06-30,2021-07-29
Microsoft,NetIncomeLoss,44281000000,2020,2020-06-30,2022-07-28
Microsoft,NetIncomeLoss,61271000000,2021,2021-06-30,2023-07-27
Microsoft,NetIncomeLoss,72738000000,2022,2022-06-30,2024-07-30
Microsoft,NetIncomeLoss,72361000000,2023,2023-06-30,2025-07-30
Microsoft,NetIncomeLoss,88136000000,2024,2024-06-30,2025-07-30
Microsoft,NetIncomeLoss,101832000000,2025,2025-06-30,2025-07-30
Tesla,NetIncomeLoss,-55740000,2009,2009-12-31,2012-02-27
Tesla,Revenues,111943000,2009,2009-12-31,2012-02-27
Tesla,NetIncomeLoss,-154328000,2010,2010-12-31,2013-03-07
Tesla,Revenues,116744000,2010,2010-12-31,2013-03-07
Tesla,NetIncomeLoss,-254411000,2011,2011-12-31,2014-02-26
Tesla,Revenues,204242000,2011,2011-12-31,2014-02-26
Tesla,NetIncomeLoss,-396213000,2012,2012-12-31,2015-02-26
Tesla,Revenues,413256000,2012,2012-12-31,2015-02-26
Tesla,NetIncomeLoss,-74014000,2013,2013-12-31,2016-02-24
Tesla,Revenues,2013496000,2013,2013-12-31,2016-02-24
Tesla,NetIncomeLoss,-294040000,2014,2014-12-31,2017-03-01
Tesla,Revenues,3198356000,2014,2014-12-31,2017-03-01
Tesla,NetIncomeLoss,-888663000,2015,2015-12-31,2018-02-23
Tesla,Revenues,4046025000,2015,2015-12-31,2018-02-23
Tesla,NetIncomeLoss,-674914000,2016,2016-12-31,2019-02-19
Tesla,Revenues,7000132000,2016,2016-12-31,2019-02-19
Tesla,NetIncomeLoss,-1962000000,2017,2017-12-31,2020-02-13
Tesla,Revenues,11759000000,2017,2017-12-31,2020-02-13
Tesla,NetIncomeLoss,-976000000,2018,2018-12-31,2021-02-08
Tesla,Revenues,21461000000,2018,2018-12-31,2021-02-08
Tesla,NetIncomeLoss,-862000000,2019,2019-12-31,2022-02-07
Tesla,Revenues,24578000000,2019,2019-12-31,2022-02-07
Tesla,NetIncomeLoss,721000000,2020,2020-12-31,2023-01-31
Tesla,Revenues,31536000000,2020,2020-12-31,2023-01-31
Tesla,NetIncomeLoss,5519000000,2021,2021-12-31,2024-01-29
Tesla,Revenues,53823000000,2021,2021-12-31,2024-01-29
Tesla,NetIncomeLoss,12556000000,2022,2022-12-31,2025-01-30
Tesla,Revenues,81462000000,2022,2022-12-31,2025-01-30
Tesla,NetIncomeLoss,14997000000,2023,2023-12-31,2026-01-29
Tesla,Revenues,96773000000,2023,2023-12-31,2026-01-29
Tesla,NetIncomeLoss,7091000000,2024,2024-12-31,2026-01-29
Tesla,Revenues,97690000000,2024,2024-12-31,2026-01-29
Tesla,NetIncomeLoss,3794000000,2025,2025-12-31,2026-01-29
Tesla,Revenues,94827000000,2025,2025-12-31,2026-01-29
